case_id,workload_profile,query_index,step_id,seed,oracle_enabled,num_blocks,block_size,summary_dim,shortlist_m,semantic_k,keep_recent_blocks,keep_anchor_blocks,confidence_margin,normalized_margin_threshold,selector_latency_sec,stage_a_candidate_count,stage_a_shortlist_size,stage_b_refinement_count,final_selected_block_count,semantic_selected_block_count,rail_preserved_block_count,selected_to_semantic_k_ratio,fallback_mode,fallback_action,fallback_reason_code,raw_margin,normalized_margin,selected_mass,normalized_mass,is_confident,trace_size_bytes,oracle_recall_rate,oracle_precision_rate,oracle_overlap_count,oracle_missed_important_count,oracle_extra_selected_count,oracle_missed_important_block_ids,oracle_extra_selected_block_ids
default-candidate-default-b128-m16-k10-c0-q8-s41-oracle-i0,default,0,default-candidate-default-b128-m16-k10-c0-q8-s41-oracle-i0:0,41,True,128,32,32,16,10,4,2,0.0,,0.018219042976852506,128,16,16,15,10,5,1.5,sparse,keep_sparse,confident,0.004880321025848344,0.008105451108958512,6.547970271110534,,True,49977,1.0,0.6666666666666666,10,0,5,(),"(12, 91, 29, 13, 7)"
default-candidate-default-b128-m16-k10-c0-q8-s41-oracle-i0,default,1,default-candidate-default-b128-m16-k10-c0-q8-s41-oracle-i0:1,41,True,128,32,32,16,10,4,2,0.0,,0.0031798729905858636,128,16,16,15,10,5,1.5,sparse,keep_sparse,confident,0.00983009338378904,0.0165895946710055,6.443652385473252,,True,49903,0.9,0.6,9,1,6,"(98,)","(42, 24, 62, 113, 110, 61)"
default-candidate-default-b128-m16-k10-c0-q8-s41-oracle-i0,default,2,default-candidate-default-b128-m16-k10-c0-q8-s41-oracle-i0:2,41,True,128,32,32,16,10,4,2,0.0,,0.004102257022168487,128,16,16,14,10,4,1.4,sparse,keep_sparse,confident,0.010994088649749711,0.017936240250334145,6.789164304733276,,True,49906,0.9,0.6428571428571429,9,1,5,"(55,)","(121, 78, 91, 90, 47)"
default-candidate-default-b128-m16-k10-c0-q8-s41-oracle-i0,default,3,default-candidate-default-b128-m16-k10-c0-q8-s41-oracle-i0:3,41,True,128,32,32,16,10,4,2,0.0,,0.0030344760161824524,128,16,16,14,10,4,1.4,sparse,keep_sparse,confident,0.0028468966484069824,0.004716109706646977,6.644748032093048,,True,49883,0.9,0.6428571428571429,9,1,5,"(115,)","(95, 91, 30, 90, 41)"
default-candidate-default-b128-m16-k10-c0-q8-s41-oracle-i0,default,4,default-candidate-default-b128-m16-k10-c0-q8-s41-oracle-i0:4,41,True,128,32,32,16,10,4,2,0.0,,0.002930266025941819,128,16,16,15,10,5,1.5,sparse,keep_sparse,confident,0.0015270769596099631,0.0025485418736726773,6.638769507408142,,True,49918,0.8,0.5333333333333333,8,2,7,"(6, 2)","(121, 76, 95, 1, 68, 70, 49)"
default-candidate-default-b128-m16-k10-c0-q8-s41-oracle-i0,default,5,default-candidate-default-b128-m16-k10-c0-q8-s41-oracle-i0:5,41,True,128,32,32,16,10,4,2,0.0,,0.0032451400184072554,128,16,16,14,10,4,1.4,sparse,keep_sparse,confident,0.006332707405090288,0.010235059605900059,6.769307696819306,,True,49900,1.0,0.7142857142857143,10,0,4,(),"(106, 9, 42, 49)"
default-candidate-default-b128-m16-k10-c0-q8-s41-oracle-i0,default,6,default-candidate-default-b128-m16-k10-c0-q8-s41-oracle-i0:6,41,True,128,32,32,16,10,4,2,0.0,,0.0030400429968722165,128,16,16,14,10,4,1.4,sparse,keep_sparse,confident,0.008157545328140281,0.013031192562225855,6.827325487136841,,True,49908,0.9,0.6428571428571429,9,1,5,"(64,)","(121, 91, 77, 63, 45)"
default-candidate-default-b128-m16-k10-c0-q8-s41-oracle-i0,default,7,default-candidate-default-b128-m16-k10-c0-q8-s41-oracle-i0:7,41,True,128,32,32,16,10,4,2,0.0,,0.0029239130089990795,128,16,16,14,10,4,1.4,sparse,keep_sparse,confident,0.002322024106979459,0.003833501546966624,6.581922340393066,,True,49938,0.8,0.5714285714285714,8,2,6,"(64, 13)","(95, 80, 70, 111, 73, 47)"
default-candidate-default-b256-m16-k10-c0-q8-s41-oracle-i1,default,0,default-candidate-default-b256-m16-k10-c0-q8-s41-oracle-i1:0,41,True,256,32,32,16,10,4,2,0.0,,0.004074551980011165,256,16,16,14,10,4,1.4,sparse,keep_sparse,confident,0.024689543247222945,0.03818620112559481,6.698890638351441,,True,93356,0.9,0.6428571428571429,9,1,5,"(111,)","(141, 29, 30, 117, 70)"
default-candidate-default-b256-m16-k10-c0-q8-s41-oracle-i1,default,1,default-candidate-default-b256-m16-k10-c0-q8-s41-oracle-i1:1,41,True,256,32,32,16,10,4,2,0.0,,0.00688188400818035,256,16,16,15,10,5,1.5,sparse,keep_sparse,confident,0.022569012641906805,0.03494920610992795,6.725931859016418,,True,93380,1.0,0.6666666666666666,10,0,5,(),"(185, 62, 153, 12, 226)"
default-candidate-default-b256-m16-k10-c0-q8-s41-oracle-i1,default,2,default-candidate-default-b256-m16-k10-c0-q8-s41-oracle-i1:2,41,True,256,32,32,16,10,4,2,0.0,,0.004827721975743771,256,16,16,14,10,4,1.4,sparse,keep_sparse,confident,0.006898629665374689,0.010691946583555859,6.84822279214859,,True,93389,0.9,0.6428571428571429,9,1,5,"(202,)","(243, 206, 95, 30, 153)"
default-candidate-default-b256-m16-k10-c0-q8-s41-oracle-i1,default,3,default-candidate-default-b256-m16-k10-c0-q8-s41-oracle-i1:3,41,True,256,32,32,16,10,4,2,0.0,,0.006701743986923248,256,16,16,14,10,4,1.4,sparse,keep_sparse,confident,0.0059022784233092596,0.009257764453291266,6.790548098087311,,True,93333,0.9,0.6428571428571429,9,1,5,"(177,)","(86, 153, 30, 171, 90)"
default-candidate-default-b256-m16-k10-c0-q8-s41-oracle-i1,default,4,default-candidate-default-b256-m16-k10-c0-q8-s41-oracle-i1:4,41,True,256,32,32,16,10,4,2,0.0,,0.00424577301600948,256,16,16,14,10,4,1.4,sparse,keep_sparse,confident,0.002943909168243386,0.0045698296461482634,6.74409202337265,,True,93409,1.0,0.7142857142857143,10,0,4,(),"(205, 246, 175, 146)"
default-candidate-default-b256-m16-k10-c0-q8-s41-oracle-i1,default,5,default-candidate-default-b256-m16-k10-c0-q8-s41-oracle-i1:5,41,True,256,32,32,16,10,4,2,0.0,,0.004169761028606445,256,16,16,14,10,4,1.4,sparse,keep_sparse,confident,0.00041109323501586914,0.0006371810644088894,6.996104955673218,,True,93342,0.9,0.6428571428571429,9,1,5,"(98,)","(43, 173, 90, 146, 175)"
default-candidate-default-b256-m16-k10-c0-q8-s41-oracle-i1,default,6,default-candidate-default-b256-m16-k10-c0-q8-s41-oracle-i1:6,41,True,256,32,32,16,10,4,2,0.0,,0.00465604302007705,256,16,16,14,10,4,1.4,sparse,keep_sparse,confident,0.02176115512847898,0.03362163203138338,6.9128659725189205,,True,93346,1.0,0.7142857142857143,10,0,4,(),"(45, 174, 186, 73)"
default-candidate-default-b256-m16-k10-c0-q8-s41-oracle-i1,default,7,default-candidate-default-b256-m16-k10-c0-q8-s41-oracle-i1:7,41,True,256,32,32,16,10,4,2,0.0,,0.004014002974145114,256,16,16,14,10,4,1.4,sparse,keep_sparse,confident,0.02534064054489138,0.04057743183566713,6.750419306755066,,True,93360,0.9,0.6428571428571429,9,1,5,"(219,)","(91, 30, 179, 20, 188)"
default-candidate-default-b512-m16-k10-c0-q8-s41-oracle-i2,default,0,default-candidate-default-b512-m16-k10-c0-q8-s41-oracle-i2:0,41,True,512,32,32,16,10,4,2,0.0,,0.01274904899764806,512,16,16,15,10,5,1.5,sparse,keep_sparse,confident,0.019393849372863703,0.029948292578564063,6.846397256851196,,True,179964,0.9,0.6,9,1,6,"(332,)","(191, 450, 462, 30, 343, 483)"
default-candidate-default-b512-m16-k10-c0-q8-s41-oracle-i2,default,1,default-candidate-default-b512-m16-k10-c0-q8-s41-oracle-i2:1,41,True,512,32,32,16,10,4,2,0.0,,0.0064873299561440945,512,16,16,15,10,5,1.5,sparse,keep_sparse,confident,0.003128862380981423,0.004722735678667671,6.8499960064888,,True,179985,1.0,0.6666666666666666,10,0,5,(),"(362, 153, 140, 370, 117)"
default-candidate-default-b512-m16-k10-c0-q8-s41-oracle-i2,default,2,default-candidate-default-b512-m16-k10-c0-q8-s41-oracle-i2:2,41,True,512,32,32,16,10,4,2,0.0,,0.00631808495381847,512,16,16,14,10,4,1.4,sparse,keep_sparse,confident,0.00044804811477661133,0.0006908932421504987,6.8719986319541935,,True,179909,0.6,0.42857142857142855,6,4,8,"(448, 13, 307, 148)","(186, 119, 11, 95, 206, 373, 462, 153)"
default-candidate-default-b512-m16-k10-c0-q8-s41-oracle-i2,default,3,default-candidate-default-b512-m16-k10-c0-q8-s41-oracle-i2:3,41,True,512,32,32,16,10,4,2,0.0,,0.006604732014238834,512,16,16,14,10,4,1.4,sparse,keep_sparse,confident,0.0004162311553955744,0.0006403271808546058,6.867156660556793,,True,179919,0.9,0.6428571428571429,9,1,5,"(64,)","(268, 61, 153, 408, 29)"
default-candidate-default-b512-m16-k10-c0-q8-s41-oracle-i2,default,4,default-candidate-default-b512-m16-k10-c0-q8-s41-oracle-i2:4,41,True,512,32,32,16,10,4,2,0.0,,0.0063074660138227046,512,16,16,14,10,4,1.4,sparse,keep_sparse,confident,0.004244315624236994,0.006358068516791604,7.103854787349701,,True,179932,0.9,0.6428571428571429,9,1,5,"(22,)","(173, 29, 365, 30, 66)"
default-candidate-default-b512-m16-k10-c0-q8-s41-oracle-i2,default,5,default-candidate-default-b512-m16-k10-c0-q8-s41-oracle-i2:5,41,True,512,32,32,16,10,4,2,0.0,,0.007141979003790766,512,16,16,14,10,4,1.4,sparse,keep_sparse,confident,0.0028100848197937234,0.004268586664793107,7.137455439567566,,True,179885,0.9,0.6428571428571429,9,1,5,"(288,)","(70, 462, 275, 90, 370)"
default-candidate-default-b512-m16-k10-c0-q8-s41-oracle-i2,default,6,default-candidate-default-b512-m16-k10-c0-q8-s41-oracle-i2:6,41,True,512,32,32,16,10,4,2,0.0,,0.010833912994712591,512,16,16,14,10,4,1.4,sparse,keep_sparse,confident,0.001497542858123757,0.0023280851112171186,7.0359359145164495,,True,179929,1.0,0.7142857142857143,10,0,4,(),"(101, 346, 246, 355)"
default-candidate-default-b512-m16-k10-c0-q8-s41-oracle-i2,default,7,default-candidate-default-b512-m16-k10-c0-q8-s41-oracle-i2:7,41,True,512,32,32,16,10,4,2,0.0,,0.0063262940384447575,512,16,16,14,10,4,1.4,sparse,keep_sparse,confident,0.006259334087371782,0.009695492645015102,6.9620337843894955,,True,179920,0.9,0.6428571428571429,9,1,5,"(263,)","(12, 35, 91, 506, 30)"
default-candidate-low_confidence-b128-m16-k10-c0-q8-s41-oracle-i3,low_confidence,0,default-candidate-low_confidence-b128-m16-k10-c0-q8-s41-oracle-i3:0,41,True,128,32,32,16,10,4,2,0.0,,0.00367364299017936,128,16,16,14,10,4,1.4,sparse,keep_sparse,confident,0.00235670804977417,0.002452968201333009,9.741180562973023,,True,49629,0.7,0.5,7,3,7,"(103, 34, 66)","(100, 82, 22, 11, 25, 20, 32)"
default-candidate-low_confidence-b128-m16-k10-c0-q8-s41-oracle-i3,low_confidence,1,default-candidate-low_confidence-b128-m16-k10-c0-q8-s41-oracle-i3:1,41,True,128,32,32,16,10,4,2,0.0,,0.0036674870061688125,128,16,16,14,10,4,1.4,sparse,keep_sparse,confident,0.0023740530014038086,0.0024790808646177613,9.722536659240722,,True,49740,0.7,0.5,7,3,7,"(103, 34, 66)","(100, 82, 22, 11, 25, 20, 32)"
default-candidate-low_confidence-b128-m16-k10-c0-q8-s41-oracle-i3,low_confidence,2,default-candidate-low_confidence-b128-m16-k10-c0-q8-s41-oracle-i3:2,41,True,128,32,32,16,10,4,2,0.0,,0.0031000689486972988,128,16,16,14,10,4,1.4,sparse,keep_sparse,confident,0.0023679137229919434,0.002464571176712601,9.741320037841797,,True,49621,0.7,0.5,7,3,7,"(103, 34, 66)","(100, 82, 22, 11, 25, 20, 32)"
default-candidate-low_confidence-b128-m16-k10-c0-q8-s41-oracle-i3,low_confidence,3,default-candidate-low_confidence-b128-m16-k10-c0-q8-s41-oracle-i3:3,41,True,128,32,32,16,10,4,2,0.0,,0.00300350395264104,128,16,16,14,10,4,1.4,sparse,keep_sparse,confident,0.0024335384368896484,0.002532767980413195,9.741477274894715,,True,49614,0.7,0.5,7,3,7,"(103, 34, 66)","(100, 82, 22, 11, 25, 20, 32)"
default-candidate-low_confidence-b128-m16-k10-c0-q8-s41-oracle-i3,low_confidence,4,default-candidate-low_confidence-b128-m16-k10-c0-q8-s41-oracle-i3:4,41,True,128,32,32,16,10,4,2,0.0,,0.0033837619703263044,128,16,16,14,10,4,1.4,sparse,keep_sparse,confident,0.0024065375328063965,0.0025047046262474484,9.741510951519013,,True,49600,0.7,0.5,7,3,7,"(103, 34, 66)","(100, 82, 22, 11, 25, 20, 32)"
default-candidate-low_confidence-b128-m16-k10-c0-q8-s41-oracle-i3,low_confidence,5,default-candidate-low_confidence-b128-m16-k10-c0-q8-s41-oracle-i3:5,41,True,128,32,32,16,10,4,2,0.0,,0.003014056012034416,128,16,16,14,10,4,1.4,sparse,keep_sparse,confident,0.0023983120918273926,0.002496131111543183,9.741313064098359,,True,49640,0.7,0.5,7,3,7,"(103, 34, 66)","(100, 82, 22, 11, 25, 20, 32)"
default-candidate-low_confidence-b128-m16-k10-c0-q8-s41-oracle-i3,low_confidence,6,default-candidate-low_confidence-b128-m16-k10-c0-q8-s41-oracle-i3:6,41,True,128,32,32,16,10,4,2,0.0,,0.0030498270061798394,128,16,16,14,10,4,1.4,sparse,keep_sparse,confident,0.002395153045654297,0.002492869508566857,9.74143590927124,,True,49637,0.7,0.5,7,3,7,"(103, 34, 66)","(100, 82, 22, 11, 25, 20, 32)"
default-candidate-low_confidence-b128-m16-k10-c0-q8-s41-oracle-i3,low_confidence,7,default-candidate-low_confidence-b128-m16-k10-c0-q8-s41-oracle-i3:7,41,True,128,32,32,16,10,4,2,0.0,,0.003948823956307024,128,16,16,14,10,4,1.4,sparse,keep_sparse,confident,0.002442777156829834,0.00254238152420211,9.741394066810608,,True,49602,0.7,0.5,7,3,7,"(103, 34, 66)","(100, 82, 22, 11, 25, 20, 32)"
default-candidate-low_confidence-b256-m16-k10-c0-q8-s41-oracle-i4,low_confidence,0,default-candidate-low_confidence-b256-m16-k10-c0-q8-s41-oracle-i4:0,41,True,256,32,32,16,10,4,2,0.0,,0.004032591998111457,256,16,16,14,10,4,1.4,sparse,keep_sparse,confident,0.0035122513771056463,0.0036122714462440363,9.801288390159607,,True,93000,0.5,0.35714285714285715,5,5,9,"(128, 190, 68, 181, 34)","(22, 245, 221, 6, 150, 100, 82, 11, 243)"
default-candidate-low_confidence-b256-m16-k10-c0-q8-s41-oracle-i4,low_confidence,1,default-candidate-low_confidence-b256-m16-k10-c0-q8-s41-oracle-i4:1,41,True,256,32,32,16,10,4,2,0.0,,0.004582566034514457,256,16,16,14,10,4,1.4,sparse,keep_sparse,confident,0.0004363059997558594,0.00044852209579767765,9.803240501880646,,True,93010,0.6,0.42857142857142855,6,4,8,"(128, 190, 68, 34)","(22, 245, 6, 150, 100, 82, 221, 11)"
default-candidate-low_confidence-b256-m16-k10-c0-q8-s41-oracle-i4,low_confidence,2,default-candidate-low_confidence-b256-m16-k10-c0-q8-s41-oracle-i4:2,41,True,256,32,32,16,10,4,2,0.0,,0.004192808992229402,256,16,16,14,10,4,1.4,sparse,keep_sparse,confident,0.003492403030395441,0.003591882970262683,9.801522040367127,,True,93015,0.5,0.35714285714285715,5,5,9,"(128, 190, 68, 181, 34)","(22, 245, 221, 6, 150, 100, 82, 11, 243)"
default-candidate-low_confidence-b256-m16-k10-c0-q8-s41-oracle-i4,low_confidence,3,default-candidate-low_confidence-b256-m16-k10-c0-q8-s41-oracle-i4:3,41,True,256,32,32,16,10,4,2,0.0,,0.0047686389880254865,256,16,16,14,10,4,1.4,sparse,keep_sparse,confident,0.0004240274429321289,0.00043731190409106944,9.784832918643952,,True,93098,0.6,0.42857142857142855,6,4,8,"(128, 190, 181, 34)","(22, 245, 221, 6, 150, 100, 82, 11)"
default-candidate-low_confidence-b256-m16-k10-c0-q8-s41-oracle-i4,low_confidence,4,default-candidate-low_confidence-b256-m16-k10-c0-q8-s41-oracle-i4:4,41,True,256,32,32,16,10,4,2,0.0,,0.00415957800578326,256,16,16,14,10,4,1.4,sparse,keep_sparse,confident,0.0004172325134277344,0.0004289257422431292,9.802935922145844,,True,92975,0.7,0.5,7,3,7,"(128, 190, 68)","(22, 245, 150, 100, 82, 221, 11)"
default-candidate-low_confidence-b256-m16-k10-c0-q8-s41-oracle-i4,low_confidence,5,default-candidate-low_confidence-b256-m16-k10-c0-q8-s41-oracle-i4:5,41,True,256,32,32,16,10,4,2,0.0,,0.005559963989071548,256,16,16,14,10,4,1.4,sparse,keep_sparse,confident,0.0035130858421325017,0.003612972865059498,9.801650369167328,,True,92997,0.5,0.35714285714285715,5,5,9,"(128, 190, 68, 181, 77)","(22, 245, 221, 6, 150, 100, 82, 11, 243)"
default-candidate-low_confidence-b256-m16-k10-c0-q8-s41-oracle-i4,low_confidence,6,default-candidate-low_confidence-b256-m16-k10-c0-q8-s41-oracle-i4:6,41,True,256,32,32,16,10,4,2,0.0,,0.004112592025194317,256,16,16,14,10,4,1.4,sparse,keep_sparse,confident,0.003531920909881525,0.0036323913399711593,9.801474833488465,,True,92991,0.5,0.35714285714285715,5,5,9,"(128, 190, 68, 181, 34)","(22, 245, 221, 6, 150, 100, 82, 11, 243)"
default-candidate-low_confidence-b256-m16-k10-c0-q8-s41-oracle-i4,low_confidence,7,default-candidate-low_confidence-b256-m16-k10-c0-q8-s41-oracle-i4:7,41,True,256,32,32,16,10,4,2,0.0,,0.004304476024117321,256,16,16,14,10,4,1.4,sparse,keep_sparse,confident,0.0004621148109436035,0.00047503367482043724,9.80327548980713,,True,93008,0.6,0.42857142857142855,6,4,8,"(128, 190, 68, 34)","(22, 245, 6, 150, 100, 82, 221, 11)"
default-candidate-low_confidence-b512-m16-k10-c0-q8-s41-oracle-i5,low_confidence,0,default-candidate-low_confidence-b512-m16-k10-c0-q8-s41-oracle-i5:0,41,True,512,32,32,16,10,4,2,0.0,,0.006540784030221403,512,16,16,14,10,4,1.4,sparse,keep_sparse,confident,0.0002449631690978338,0.0002494982594736539,9.85626573562622,,True,179247,0.2,0.14285714285714285,2,8,12,"(128, 370, 118, 190, 68, 257, 356, 199)","(506, 415, 6, 430, 337, 322, 314, 19, 288, 150, 100, 316)"
default-candidate-low_confidence-b512-m16-k10-c0-q8-s41-oracle-i5,low_confidence,1,default-candidate-low_confidence-b512-m16-k10-c0-q8-s41-oracle-i5:1,41,True,512,32,32,16,10,4,2,0.0,,0.0065652490011416376,512,16,16,14,10,4,1.4,sparse,keep_sparse,confident,0.0008596181869506836,0.0008772277491260508,9.842064583301545,,True,179284,0.4,0.2857142857142857,4,6,10,"(128, 370, 118, 190, 68, 356)","(506, 415, 6, 430, 337, 322, 314, 19, 288, 150)"
default-candidate-low_confidence-b512-m16-k10-c0-q8-s41-oracle-i5,low_confidence,2,default-candidate-low_confidence-b512-m16-k10-c0-q8-s41-oracle-i5:2,41,True,512,32,32,16,10,4,2,0.0,,0.007230454997625202,512,16,16,14,10,4,1.4,sparse,keep_sparse,confident,0.00022177696228020682,0.00022588139944374716,9.856216323375701,,True,179195,0.2,0.14285714285714285,2,8,12,"(128, 370, 118, 190, 68, 257, 356, 199)","(506, 415, 6, 430, 337, 322, 314, 19, 288, 150, 100, 316)"
default-candidate-low_confidence-b512-m16-k10-c0-q8-s41-oracle-i5,low_confidence,3,default-candidate-low_confidence-b512-m16-k10-c0-q8-s41-oracle-i5:3,41,True,512,32,32,16,10,4,2,0.0,,0.006758504023309797,512,16,16,14,10,4,1.4,sparse,keep_sparse,confident,0.0002798914909362127,0.00028506865299172154,9.856194567680358,,True,179198,0.2,0.14285714285714285,2,8,12,"(128, 370, 118, 190, 68, 257, 356, 199)","(506, 415, 6, 430, 337, 322, 314, 19, 288, 150, 100, 316)"
default-candidate-low_confidence-b512-m16-k10-c0-q8-s41-oracle-i5,low_confidence,4,default-candidate-low_confidence-b512-m16-k10-c0-q8-s41-oracle-i5:4,41,True,512,32,32,16,10,4,2,0.0,,0.007153086946345866,512,16,16,14,10,4,1.4,sparse,keep_sparse,confident,0.0002790570259093572,0.0002842168203906369,9.856418561935424,,True,179215,0.2,0.14285714285714285,2,8,12,"(128, 370, 118, 190, 68, 257, 356, 199)","(506, 415, 430, 6, 337, 322, 314, 19, 288, 150, 100, 316)"
default-candidate-low_confidence-b512-m16-k10-c0-q8-s41-oracle-i5,low_confidence,5,default-candidate-low_confidence-b512-m16-k10-c0-q8-s41-oracle-i5:5,41,True,512,32,32,16,10,4,2,0.0,,0.007348341983743012,512,16,16,14,10,4,1.4,sparse,keep_sparse,confident,0.0008265376091003418,0.0008434938238028203,9.841950798034668,,True,179274,0.4,0.2857142857142857,4,6,10,"(128, 370, 118, 190, 68, 356)","(506, 415, 6, 430, 337, 322, 314, 19, 288, 150)"
default-candidate-low_confidence-b512-m16-k10-c0-q8-s41-oracle-i5,low_confidence,6,default-candidate-low_confidence-b512-m16-k10-c0-q8-s41-oracle-i5:6,41,True,512,32,32,16,10,4,2,0.0,,0.006857968983240426,512,16,16,14,10,4,1.4,sparse,keep_sparse,confident,0.00024520158767693534,0.0002497494916311933,9.85604305267334,,True,179231,0.1,0.07142857142857142,1,9,13,"(128, 370, 118, 190, 68, 257, 199, 356, 181)","(506, 54, 415, 6, 430, 337, 322, 314, 19, 288, 150, 100, 316)"
default-candidate-low_confidence-b512-m16-k10-c0-q8-s41-oracle-i5,low_confidence,7,default-candidate-low_confidence-b512-m16-k10-c0-q8-s41-oracle-i5:7,41,True,512,32,32,16,10,4,2,0.0,,0.00658944301540032,512,16,16,14,10,4,1.4,sparse,keep_sparse,confident,0.0002747654914855291,0.0002798354025377378,9.856470000743865,,True,179212,0.2,0.14285714285714285,2,8,12,"(128, 370, 118, 190, 68, 257, 356, 199)","(506, 415, 6, 430, 337, 322, 314, 19, 288, 150, 100, 316)"
default-candidate-rail_dominated-b128-m16-k10-c0-q8-s41-oracle-i6,rail_dominated,0,default-candidate-rail_dominated-b128-m16-k10-c0-q8-s41-oracle-i6:0,41,True,128,32,32,16,10,4,2,0.0,,0.003124440961983055,128,16,16,14,10,4,1.4,sparse,keep_sparse,confident,0.0006948232650756392,0.0011462534527133237,6.35845822095871,,True,49918,0.9,0.6428571428571429,9,1,5,"(3,)","(110, 45, 15, 55, 27)"
default-candidate-rail_dominated-b128-m16-k10-c0-q8-s41-oracle-i6,rail_dominated,1,default-candidate-rail_dominated-b128-m16-k10-c0-q8-s41-oracle-i6:1,41,True,128,32,32,16,10,4,2,0.0,,0.003266006999183446,128,16,16,14,10,4,1.4,sparse,keep_sparse,confident,0.008530938625335716,0.014173331241347273,6.493935525417328,,True,49939,0.9,0.6428571428571429,9,1,5,"(111,)","(125, 107, 13, 15, 27)"
default-candidate-rail_dominated-b128-m16-k10-c0-q8-s41-oracle-i6,rail_dominated,2,default-candidate-rail_dominated-b128-m16-k10-c0-q8-s41-oracle-i6:2,41,True,128,32,32,16,10,4,2,0.0,,0.0039163549663499,128,16,16,14,10,4,1.4,sparse,keep_sparse,confident,0.0013583779335021307,0.0022635216860787174,6.256512117385864,,True,49924,0.9,0.6428571428571429,9,1,5,"(36,)","(124, 118, 15, 61, 99)"
default-candidate-rail_dominated-b128-m16-k10-c0-q8-s41-oracle-i6,rail_dominated,3,default-candidate-rail_dominated-b128-m16-k10-c0-q8-s41-oracle-i6:3,41,True,128,32,32,16,10,4,2,0.0,,0.0034809180069714785,128,16,16,15,10,5,1.5,sparse,keep_sparse,confident,0.005533546209335327,0.008990570028722953,6.340852057933807,,True,49849,1.0,0.6666666666666666,10,0,5,(),"(0, 10, 67, 13, 7)"
default-candidate-rail_dominated-b128-m16-k10-c0-q8-s41-oracle-i6,rail_dominated,4,default-candidate-rail_dominated-b128-m16-k10-c0-q8-s41-oracle-i6:4,41,True,128,32,32,16,10,4,2,0.0,,0.0032119950046762824,128,16,16,14,10,4,1.4,sparse,keep_sparse,confident,0.012686324119567827,0.020478952702795598,6.739010083675384,,True,49916,1.0,0.7142857142857143,10,0,4,(),"(118, 39, 97, 68)"
default-candidate-rail_dominated-b128-m16-k10-c0-q8-s41-oracle-i6,rail_dominated,5,default-candidate-rail_dominated-b128-m16-k10-c0-q8-s41-oracle-i6:5,41,True,128,32,32,16,10,4,2,0.0,,0.003394097031559795,128,16,16,15,10,5,1.5,sparse,keep_sparse,confident,0.021129339933395386,0.035362244102516094,6.364538604021073,,True,49943,0.9,0.6,9,1,6,"(127,)","(120, 110, 31, 15, 3, 85)"
default-candidate-rail_dominated-b128-m16-k10-c0-q8-s41-oracle-i6,rail_dominated,6,default-candidate-rail_dominated-b128-m16-k10-c0-q8-s41-oracle-i6:6,41,True,128,32,32,16,10,4,2,0.0,,0.003246018022764474,128,16,16,15,10,5,1.5,sparse,keep_sparse,confident,0.006798779964446999,0.011635640698887152,6.265471148490906,,True,49928,1.0,0.6666666666666666,10,0,5,(),"(68, 82, 16, 15, 56)"
default-candidate-rail_dominated-b128-m16-k10-c0-q8-s41-oracle-i6,rail_dominated,7,default-candidate-rail_dominated-b128-m16-k10-c0-q8-s41-oracle-i6:7,41,True,128,32,32,16,10,4,2,0.0,,0.0032571839983575046,128,16,16,14,10,4,1.4,sparse,keep_sparse,confident,0.0016349375247954878,0.0027500262373217448,6.236975300312042,,True,49914,0.9,0.6428571428571429,9,1,5,"(46,)","(120, 23, 25, 3, 15)"
default-candidate-rail_dominated-b256-m16-k10-c0-q8-s41-oracle-i7,rail_dominated,0,default-candidate-rail_dominated-b256-m16-k10-c0-q8-s41-oracle-i7:0,41,True,256,32,32,16,10,4,2,0.0,,0.004214557993691415,256,16,16,14,10,4,1.4,sparse,keep_sparse,confident,0.0012630462646484597,0.002016471607093192,6.500440716743469,,True,93366,0.8,0.5714285714285714,8,2,6,"(113, 18)","(202, 199, 125, 25, 13, 15)"
default-candidate-rail_dominated-b256-m16-k10-c0-q8-s41-oracle-i7,rail_dominated,1,default-candidate-rail_dominated-b256-m16-k10-c0-q8-s41-oracle-i7:1,41,True,256,32,32,16,10,4,2,0.0,,0.003977579006459564,256,16,16,14,10,4,1.4,sparse,keep_sparse,confident,0.019045221805572554,0.030350744204748824,6.577359747886658,,True,93364,1.0,0.7142857142857143,10,0,4,(),"(235, 205, 190, 176)"
default-candidate-rail_dominated-b256-m16-k10-c0-q8-s41-oracle-i7,rail_dominated,2,default-candidate-rail_dominated-b256-m16-k10-c0-q8-s41-oracle-i7:2,41,True,256,32,32,16,10,4,2,0.0,,0.006496192014310509,256,16,16,15,10,5,1.5,sparse,keep_sparse,confident,0.0059275746345519575,0.009629446946015661,6.575658965110779,,True,93435,1.0,0.6666666666666666,10,0,5,(),"(205, 199, 99, 124, 145)"
default-candidate-rail_dominated-b256-m16-k10-c0-q8-s41-oracle-i7,rail_dominated,3,default-candidate-rail_dominated-b256-m16-k10-c0-q8-s41-oracle-i7:3,41,True,256,32,32,16,10,4,2,0.0,,0.00412640895228833,256,16,16,15,10,5,1.5,sparse,keep_sparse,confident,0.014615690708160378,0.023311896189046177,6.544188547134399,,True,93332,0.9,0.6,9,1,6,"(129,)","(190, 0, 13, 71, 68, 188)"
default-candidate-rail_dominated-b256-m16-k10-c0-q8-s41-oracle-i7,rail_dominated,4,default-candidate-rail_dominated-b256-m16-k10-c0-q8-s41-oracle-i7:4,41,True,256,32,32,16,10,4,2,0.0,,0.004381122009363025,256,16,16,15,10,5,1.5,sparse,keep_sparse,confident,0.001917684078216575,0.003030863001721594,6.614915561676026,,True,93411,0.8,0.5333333333333333,8,2,7,"(162, 163)","(0, 166, 15, 170, 187, 150, 91)"
default-candidate-rail_dominated-b256-m16-k10-c0-q8-s41-oracle-i7,rail_dominated,5,default-candidate-rail_dominated-b256-m16-k10-c0-q8-s41-oracle-i7:5,41,True,256,32,32,16,10,4,2,0.0,,0.005509700975380838,256,16,16,14,10,4,1.4,sparse,keep_sparse,confident,0.00678055286407464,0.010535986748078296,6.785149431228637,,True,93368,0.9,0.6428571428571429,9,1,5,"(84,)","(205, 195, 187, 131, 103)"
default-candidate-rail_dominated-b256-m16-k10-c0-q8-s41-oracle-i7,rail_dominated,6,default-candidate-rail_dominated-b256-m16-k10-c0-q8-s41-oracle-i7:6,41,True,256,32,32,16,10,4,2,0.0,,0.0038823479553684592,256,16,16,15,10,5,1.5,sparse,keep_sparse,confident,0.022117674350738525,0.035252516349247115,6.610052704811096,,True,93353,1.0,0.6666666666666666,10,0,5,(),"(223, 0, 45, 15, 124)"
default-candidate-rail_dominated-b256-m16-k10-c0-q8-s41-oracle-i7,rail_dominated,7,default-candidate-rail_dominated-b256-m16-k10-c0-q8-s41-oracle-i7:7,41,True,256,32,32,16,10,4,2,0.0,,0.004656032018829137,256,16,16,15,10,5,1.5,sparse,keep_sparse,confident,0.016798329353332475,0.027453099660811015,6.4947349548339846,,True,93378,0.8,0.5333333333333333,8,2,7,"(212, 79)","(211, 195, 0, 176, 85, 180, 91)"
default-candidate-rail_dominated-b512-m16-k10-c0-q8-s41-oracle-i8,rail_dominated,0,default-candidate-rail_dominated-b512-m16-k10-c0-q8-s41-oracle-i8:0,41,True,512,32,32,16,10,4,2,0.0,,0.006202207994647324,512,16,16,15,10,5,1.5,sparse,keep_sparse,confident,0.001726245880127042,0.0025966965425085857,6.851847779750824,,True,179936,0.7,0.4666666666666667,7,3,8,"(357, 268, 84)","(437, 382, 348, 0, 315, 244, 131, 45)"
default-candidate-rail_dominated-b512-m16-k10-c0-q8-s41-oracle-i8,rail_dominated,1,default-candidate-rail_dominated-b512-m16-k10-c0-q8-s41-oracle-i8:1,41,True,512,32,32,16,10,4,2,0.0,,0.006682992971036583,512,16,16,14,10,4,1.4,sparse,keep_sparse,confident,0.017209351062774658,0.02596869692932852,6.909461486339569,,True,179972,0.9,0.6428571428571429,9,1,5,"(133,)","(387, 176, 335, 378, 131)"
default-candidate-rail_dominated-b512-m16-k10-c0-q8-s41-oracle-i8,rail_dominated,2,default-candidate-rail_dominated-b512-m16-k10-c0-q8-s41-oracle-i8:2,41,True,512,32,32,16,10,4,2,0.0,,0.0063406029948964715,512,16,16,14,10,4,1.4,sparse,keep_sparse,confident,0.002901840209960982,0.004574299481467715,6.762424206733703,,True,180033,1.0,0.7142857142857143,10,0,4,(),"(188, 283, 131, 173)"
default-candidate-rail_dominated-b512-m16-k10-c0-q8-s41-oracle-i8,rail_dominated,3,default-candidate-rail_dominated-b512-m16-k10-c0-q8-s41-oracle-i8:3,41,True,512,32,32,16,10,4,2,0.0,,0.007421405985951424,512,16,16,14,10,4,1.4,sparse,keep_sparse,confident,0.007726573944091819,0.01171716381406781,6.864168620109558,,True,179983,1.0,0.7142857142857143,10,0,4,(),"(348, 309, 230, 82)"
default-candidate-rail_dominated-b512-m16-k10-c0-q8-s41-oracle-i8,rail_dominated,4,default-candidate-rail_dominated-b512-m16-k10-c0-q8-s41-oracle-i8:4,41,True,512,32,32,16,10,4,2,0.0,,0.006991039030253887,512,16,16,14,10,4,1.4,sparse,keep_sparse,confident,0.005887544155120827,0.009270902950014976,6.677192616462707,,True,180056,1.0,0.7142857142857143,10,0,4,(),"(446, 403, 99, 120)"
default-candidate-rail_dominated-b512-m16-k10-c0-q8-s41-oracle-i8,rail_dominated,5,default-candidate-rail_dominated-b512-m16-k10-c0-q8-s41-oracle-i8:5,41,True,512,32,32,16,10,4,2,0.0,,0.007614526024553925,512,16,16,14,10,4,1.4,sparse,keep_sparse,confident,0.016790568828582764,0.02524244436834945,6.905620527267456,,True,179967,1.0,0.7142857142857143,10,0,4,(),"(378, 321, 335, 91)"
default-candidate-rail_dominated-b512-m16-k10-c0-q8-s41-oracle-i8,rail_dominated,6,default-candidate-rail_dominated-b512-m16-k10-c0-q8-s41-oracle-i8:6,41,True,512,32,32,16,10,4,2,0.0,,0.006386309978552163,512,16,16,14,10,4,1.4,sparse,keep_sparse,confident,0.0014994621276855913,0.002325077580221752,6.739524042606353,,True,179955,0.8,0.5714285714285714,8,2,6,"(425, 340)","(428, 354, 45, 235, 166, 131)"
default-candidate-rail_dominated-b512-m16-k10-c0-q8-s41-oracle-i8,rail_dominated,7,default-candidate-rail_dominated-b512-m16-k10-c0-q8-s41-oracle-i8:7,41,True,512,32,32,16,10,4,2,0.0,,0.0065801540040411055,512,16,16,15,10,5,1.5,sparse,keep_sparse,confident,0.005504083633422807,0.008442925270375838,6.712389063835144,,True,179971,0.9,0.6,9,1,6,"(394,)","(400, 228, 7, 335, 388, 367)"
